Domain,Summary,Description,Path,Method,Client,Staff,Directory,Internal
ai,Bulk import business rules,"Create an async job to extract business rules from raw text using LLM. The system analyzes content, extracts rules, classifies by category, and deduplicates against existing rules.",/v3/ai/business_rules/bulk,POST,,Y,,
ai,Get all BusinessRules,Get a list of all business rules for the authenticated business. Optionally filter by category.,/v3/ai/business_rules,GET,,Y,,
ai,Create a BusinessRule,Create a new business rule for the authenticated business.,/v3/ai/business_rules,POST,,Y,,
ai,Get all BusinessRule History Records,"Get the change history for business rules. Supports optional filtering by rule UID and action type, with pagination.",/v3/ai/business_rule_histories,GET,,Y,,
ai,Retrieve a BusinessRule History Record,Retrieve a specific history record by its unique identifier (UID).,/v3/ai/business_rule_histories/{uid},GET,,Y,,
ai,Retrieve a BusinessRule,Retrieve a specific business rule based on its unique identifier (UID).,/v3/ai/business_rules/{uid},GET,,Y,,
ai,Update a BusinessRule,Update an existing business rule by UID. All fields are optional - only provided fields will be updated.,/v3/ai/business_rules/{uid},PUT,,Y,,
ai,Delete a BusinessRule,Delete a business rule by UID.,/v3/ai/business_rules/{uid},DELETE,,Y,,
ai,Get all AIRecommendations,"Retrieve a list of AIRecommendations with optional filtering by status, target, and context.",/v3/ai/ai_recommendations,GET,Y,Y,Y,
ai,Create an AIRecommendation,Create a new AIRecommendation.,/v3/ai/ai_recommendations,POST,,,,
ai,Update an AIRecommendation,Update an existing AIRecommendation by UID.,/v3/ai/ai_recommendations/{uid},PUT,,,,
ai,Get all BizAIChats,Get a list of all chat sessions.,/v3/ai/bizai_chats,GET,Y,Y,Y,
ai,Create a BizAIChat,Create a new chat session between a user and an agent,/v3/ai/bizai_chats,POST,,Y,,
ai,Retrieve a BizAIChat,Retrieve a specific BizAIChat session based on its unique identifier (UID).,/v3/ai/bizai_chats/{uid},GET,Y,Y,Y,
ai,Get all BizAIChatMessages,Get all BizAIChatMessages exchanged within a specific chat.,/v3/ai/bizai_chat_messages,GET,Y,Y,Y,
ai,Create a BizAIChatMessage,Create a new BizAIChatMessage in a BizAIChat thread and get an AI response,/v3/ai/bizai_chat_messages,POST,,Y,,
ai,List all AISmartReplies,Retrieve a list of smart replies with optional filtering.,/v3/ai/ai_smart_replies,GET,Y,Y,Y,
ai,Create a new  AISmartReply,"Generate a new, on-demand, smart reply between a business and a client. For example, when a user wants to edit their own reply text, provide custom instructions, or modify a previously-generated AI reply.",/v3/ai/ai_smart_replies,POST,,,,
ai,Create a ChatCompletion,"Create chat completions using multiple LLM providers (OpenAI, Anthropic, Google). Supports text and multimodal input (images, audio, video, files), streaming responses via SSE, async mode for long-running thinking models, tool calling (function calling), and structured output (JSON schema).",/v3/ai/chat_completions,POST,,,,
ai,Create an AudioTranscription,"Transcribe audio files using multiple providers (OpenAI Whisper, OpenAI GPT-4o Transcribe, Google Chirp). Supports file upload via multipart form data.",/v3/ai/audio_transcriptions,POST,,,,
ai,Retrieve a ChatCompletionRun,Get the status and result of an async chat completion job. Poll this endpoint until status is COMPLETED or FAILED.,/v3/ai/chat_completion_runs/{uid},GET,,,,
ai,List ChatCompletionRuns,Retrieve a paginated list of chat completion runs for the authenticated client. Supports sorting by field and direction.,/v3/ai/chat_completion_runs,GET,,,,
ai,Retrieve a TranscriptionRun,Get the status and result of an async transcription job. Poll this endpoint until status is COMPLETED or FAILED.,/v3/ai/transcription_runs/{uid},GET,,,,
ai,List TranscriptionRuns,Retrieve a paginated list of transcription runs for the authenticated client. Supports sorting by field and direction.,/v3/ai/transcription_runs,GET,,,,
ai,Retrieve a StaffAiSettings,Retrieve a specific StaffAiSettings based on staff unique identifier.,/v3/ai/staff_ai_settings/{staff_uid},GET,,,,
ai,Update a StaffAiSettings,Update AI settings for a specific staff member based on their unique identifier. Users can only update their own settings.,/v3/ai/staff_ai_settings/{staff_uid},PUT,,,,
ai,Create new AI generation feedback,Submit feedback for AI-generated content.,/v3/ai/ai_generation_feedbacks,POST,,,,
apps,List Navigation Items,Retrieve a paginated list of navigation items for the authenticated directory. Supports filtering by parent and mobile availability.,/v3/apps/navigation_items,GET,,Y,Y,
apps,Create a Navigation Item,Create a new navigation item for the authenticated directory. The directory_uid is automatically set from the authenticated token context.,/v3/apps/navigation_items,POST,,,Y,
apps,Update a Navigation Item,Update an existing navigation item. Only provided fields will be updated.,/v3/apps/navigation_items/{uid},PUT,,,Y,
apps,Delete a Navigation Item,Delete a navigation item. Items with children cannot be deleted until all children are removed first.,/v3/apps/navigation_items/{uid},DELETE,,,Y,
apps,List of apps,"Retrieve a list of available apps. Response format varies by token type - Staff tokens receive detailed app data including full configuration, while Directory tokens receive simplified app data for apps associated with the directory.",/platform/v1/apps,GET,,,,
apps,Creates an app,Create a new app.,/platform/v1/apps,POST,,,,
apps,Read an app,Retrieve an app by code name.,/platform/v1/apps/{id},GET,,Y,Y,
apps,Updates an app,Update an app by code name.,/platform/v1/apps/{id},PUT,,,,
apps,[DEPRECATED] Assign an app,Assign an application to a business or directory so it appears in the App Market.,/platform/v1/apps/{id}/assign,POST,,,,
apps,Install an app [DEPRECATED],Install an app for the authorized business - **⚠️ DEPRECATED**: Use `POST /v3/apps/business_app_installs` instead.,/platform/v1/apps/{id}/install_app,POST,,,,
apps,Unassign an app on directory or a business [Internal],Unassign an application from a business or directory.,/platform/v1/apps/{id}/unassign,POST,,,,
apps,Uninstall an app [Deprecated],Uninstall an app for the authorized business. **⚠️ DEPRECATED**: Use `DELETE /v3/apps/business_app_installs/{uid}` instead.,/platform/v1/apps/{id}/uninstall_app,POST,,,,
apps,List all Apps,"Returns apps available to the caller. Apps can be available because they are installed, offered by the directory, or assigned as internal.",/v3/apps/apps,GET,,,,
apps,Get an App,Retrieve a single app by uid.,/v3/apps/apps/{uid},GET,,,,
apps,List Business App Installs,"Get a list of installed apps per business. Each item includes a uid; use it in the show and delete paths. Optional query filters: business_uid, app_code_name, page, per_page. **Available for Staff & Directory Tokens**",/v3/apps/business_app_installs,GET,,,,
apps,Create a Business App Install,Install an app for a business. **Available for Staff & Directory Tokens**,/v3/apps/business_app_installs,POST,,,,
apps,Get a Business App Install,Get a single business app install by uid. **Available for Staff & Directory Tokens**,/v3/apps/business_app_installs/{uid},GET,,,,
apps,Delete a Business App Install,Uninstall an app for a business. **Available for Staff & Directory Tokens**,/v3/apps/business_app_installs/{uid},DELETE,,,,
apps,List App Assignments,"Returns app assignments across multiple businesses within a directory, with optional filtering. Note: assignee_uid can only be used when assignee_type is also provided.",/v3/apps/app_assignments,GET,,,,
apps,Create an App Assignment,"Create a new app assignment to a business, package or directory.",/v3/apps/app_assignments,POST,,,,
apps,Delete an App Assignment,Delete an app assignment.,/v3/apps/app_assignments/{uid},DELETE,,,,
apps,Generate an app access token,Generate an app access token using OAuth client credentials flow. **No bearer token required** - authentication is via service_id and service_secret in the request body.,/oauth/service/token,POST,Y,Y,Y,
apps,Get all Widgets,Get all widgets for the authenticated app.,/v3/apps/widgets,GET,,,,
apps,Create a Widget,Create a new widget.,/v3/apps/widgets,POST,,,,
apps,Update Widget,Update an existing widget.,/v3/apps/widgets/{uid},PUT,,,,
apps,Get all Widgets Boards Of The Staff,Returns the widgets boards for staff member.,/v3/apps/staff_widgets_boards,GET,,,,
apps,Create a Staff Widgets Board,Creates a widgets board for staff member.,/v3/apps/staff_widgets_boards,POST,,,,
apps,Update a Staff Widgets Board,Update a staff widget board.,/v3/apps/staff_widgets_boards/{uid},PUT,,,,
apps,Get all Staff Widgets Boards Templates,Get all staff widget board templates. **Only.,/v3/apps/staff_widgets_boards_templates,GET,,,,
apps,Create a Staff Widgets Boards Template,Create a staff widget board template.,/v3/apps/staff_widgets_boards_templates,POST,,,,
apps,Update a Staff Widgets Boards Template,Update an existing staff widget board template.,/v3/apps/staff_widgets_boards_templates/{uid},PUT,,,,
apps,Delete a Staff Widgets Boards Template,Delete a staff widget board template. **Only.,/v3/apps/staff_widgets_boards_templates/{uid},DELETE,,,,
apps,Update app translations,"Updates the translations for an app. The translations must be provided as a CSV file with a specific format. The CSV should have columns for: Key, Context, Character Limit, en, es, fr, it, pt, de, pl, nl, en-GB, he, sl. The rows should contain: Name, Short description, App features, Long descript...",/platform/v1/apps/translations/{app_code_name},PUT,,,,
apps,Create a compact JWS token,Create a new compact JWS token that can be used to authenticate a staff member to an app in inTandem using a JWKS process. The token is signed by the app's private key and can be verified by inTandem's public key. Public JWKS token can be obtained at: https://api.vcita.biz/v3/apps/.well-known/jwk...,/v3/apps/compact_jws_tokens,POST,,Y,,
apps,Bulk create compact JWS tokens,"Create multiple compact JWS tokens for a list of app code names. The response will include the success, generated token (if successful), or error details for each app code name.",/v3/apps/compact_jws_tokens/bulk,POST,,,,
assets,Get Leave Details Form,Gets the leave details form of the business.,/client_api/v1/portals/{business_uid}/contact/get_form,GET,,,,
assets,Submits Leave Details Form,Submits Leave Details Form to the business.,/client_api/v1/portals/{business_uid}/contact/submit,POST,,,,
assets,Get Share Documents Form,Gets the share documents form of the business.,/client_api/v1/portals/{business_uid}/share_documents_form/get_form,GET,,,,
assets,Submits Share Documents Form,Submits Share Documents Form to the business.,/client_api/v1/portals/{business_uid}/share_documents_form/submit,POST,,,,
assets,Get Forms List,Get forms list.,/platform/v1/forms,GET,,,,
assets,Updates a Form,Update a Form.,/platform/v1/forms,PUT,,,,
assets,Get Documents For A Client,Gets a list of documents for a client.,/platform/v1/clients/{client_id}/documents,GET,,,,
assets,Search docuforms activities,Searches for docuforms (documents and forms) activities within the business. Results are scoped based on the requesting staff member's permissions.,/v2/search/search_docuforms,GET,,Y,,Y
clients,Search business data,"Searches across business data entities including clients, conversations, bookings, appointments, estimates, payments, and documents. The search is powered by an Elasticsearch-based Seeker service.",/v2/search,GET,,Y,,Y
clients,Get Clients,Retrieves a paginated list of clients for the business. Supports searching by various attributes and filtering by update timestamp.,/platform/v1/clients,GET,,,,
clients,Create a Client,"Creates a new client record for the business. If a client with the same email already exists, returns a 409 Conflict error.",/platform/v1/clients,POST,,,,
clients,Merge duplicate clients into a primary client.,Merge two or more duplicate clients into one primary client.,/platform/v1/clients/merges/merge_clients,PUT,,,,
clients,List of clients that can be used as primary for merge.,Returns a list of client UIDs that can be used as a primary client for the merge.,/platform/v1/clients/merges/possible_merge_master,GET,,,,
clients,Use Client Package Credit [Alpha],"Redeem a credit from the authenticated client's active package to pay for an appointment or service session. This marks the associated payment status as paid (price set to $0) and decrements one credit from the client's package. If multiple packages qualify, the **soonest-expiring package** is us...",/platform/v1/clients/payment/client_packages/update_usage,POST,,,,
clients,Validate Credit Availability [Alpha],"Check whether the authenticated client has an active package with available credits for the service associated with a given payment status. Use this to determine if the ""pay with package"" option should be shown to the client before calling the `update_usage` endpoint.",/platform/v1/clients/payment/client_packages/validate,GET,,,,
clients,Retrieves a Client by Id,Retrieves a Client.,/platform/v1/clients/{client_id},GET,,,,
clients,Updates a Client,Update a Client,/platform/v1/clients/{client_id},PUT,,Y,Y,
clients,Deletes a Client by Id,Deletes a Client,/platform/v1/clients/{client_id},DELETE,,Y,Y,
clients,Get Estimates Of Client,Gets a list of estimates for a client.,/platform/v1/clients/{client_id}/estimates,GET,,,,
clients,Get Invoices Of Client,Gets a list of invoices for a client.,/platform/v1/clients/{client_id}/invoices,GET,,,,
clients,Get Payments of Client,Gets a list of payments for a client.,/platform/v1/clients/{client_id}/payments,GET,,,,
clients,Get External Connected Payment Application,Get External Connected Payment Application.,/client/payments/v1/apps/primary_provider_connected_application,GET,,,,
clients,Create New Card On File,Create New Card On File.,/client/payments/v1/cards,POST,,,,
clients,Get most recent pending card added to client [Alpha],Get most recent pending card added to client [Alpha].,/client/payments/v1/cards/get_new_card,GET,,,,
clients,Create New Save Card Session,Create New Save Card Session. Creates a Stripe Checkout session for securely saving a card.,/client/payments/v1/cards/save_card_session,POST,,,,
clients,Create Cart,Creates a Cart.,/client/payments/v1/carts,POST,,,,
clients,Show Cart,Show specific cart data.,/client/payments/v1/carts/{cart_uid},GET,,,,
clients,List Client Packages,"Retrieve a paginated list of client packages (package subscriptions) for the authenticated client, scoped to a specific matter/conversation. Returns each package's validity dates, credit balances, and active status.",/client/payments/v1/client_packages,GET,,,,
clients,Show Deposits List,Show list of deposits.,/client/payments/v1/deposits,GET,,,,
clients,Show Deposit,Show specific deposit details.,/client/payments/v1/deposits/{deposit_uid},GET,,,,
clients,Show Invoices List,Show list of invoices.,/client/payments/v1/invoices,GET,,,,
clients,List Catalog Packages (Public) [Alpha],"Retrieve the list of available package catalog templates for a business, as seen from the client perspective. Returns packages that clients can browse and potentially purchase through the client portal.",/client/payments/v1/packages,GET,,,,
clients,Show Catalog Package (Public) [Alpha],"Retrieve detailed information for a single package catalog template, as seen from the client perspective. Returns the package's pricing, included services, expiration settings, and discount information.",/client/payments/v1/packages/{package_id},GET,,,,
clients,Get Payment Requests List,Show list of payment requests.,/client/payments/v1/payment_requests,GET,,,,
clients,Get Checkout Session,Get the checkout session of a given payment request.,/client/payments/v1/payment_requests/{payment_request_uid}/checkout,GET,Y,,,
clients,Show Payments List,Show list of payments.,/client/payments/v1/payments,GET,,,,
clients,Show Product Orders List,Show list of product orders.,/client/payments/v1/product_orders,GET,,,,
clients,Send a Client Message,Sends a message from the authenticated client to the business. The message direction is always `client_to_business` — it is set automatically by the server based on the client token.,/client/messaging/v1/messages,POST,Y,,,
clients,Import clients app,Import clients to an app. Creates client records based on the provided field mappings.,/business/clients/v1/apps/{app_code_name}/import,POST,,,,
clients,Gets Matters of a contact,Gets Matters of a client.,/business/clients/v1/contacts/{client_uid}/matters,GET,,,,
clients,Create a new Matter,Create a new Matter for a contact.,/business/clients/v1/contacts/{client_uid}/matters,POST,,,,
clients,Gets Matters by filter,"Gets Matters by filter. Searchable fields are: Email, First name, Last name, Matter name and Phone.",/business/clients/v1/matters,GET,,,,
clients,Gets the collaborators of a Matter,Gets the collaborators of a Matter.,/business/clients/v1/matters/{matter_uid}/collaborators,GET,,,,
clients,Adds a collaborator to a Matter,Adds a collaborator to a Matter,/business/clients/v1/matters/{matter_uid}/collaborators,POST,,Y,Y,
clients,Removes a collaborator from a Matter,Removes a collaborator from a Matter,/business/clients/v1/matters/{matter_uid}/collaborators/{staff_uid},DELETE,,Y,Y,
clients,Nest a matter under another contact person,Moves a matter from its current contact to a different destination contact (nesting). The source contact is automatically deleted if it has no remaining matters after the nesting operation.,/business/clients/v1/matters/{matter_uid}/nest,PUT,,Y,Y,
clients,Gets a list of notes,Gets a list of notes.,/business/clients/v1/matters/{matter_uid}/notes,GET,,,,
clients,Adds a note,Adds a note,/business/clients/v1/matters/{matter_uid}/notes,POST,,Y,Y,
clients,Get a note,Get a note.,/business/clients/v1/matters/{matter_uid}/notes/{note_uid},GET,,,,
clients,Update a note,Update a note,/business/clients/v1/matters/{matter_uid}/notes/{note_uid},PUT,,Y,Y,
clients,Remove a note,Remove a note,/business/clients/v1/matters/{matter_uid}/notes/{note_uid},DELETE,,Y,Y,
clients,Reassign staff to Matter,Reassign staff to Matter,/business/clients/v1/matters/{matter_uid}/reassign,PUT,,Y,Y,
clients,Bulk add tags to matters,"Bulk add tags to one or more matters. This is the endpoint used by the product (e.g. with Staff token). Send `new_api: true`, `matters.uids` (array of matter UIDs), and `tags` (array of tag strings).",/business/clients/v1/tags,PUT,,Y,Y,
clients,Bulk remove tags from matters,Bulk remove tags from one or more matters. Same contract as PUT: send `matters.uids` (array of matter UIDs) and `tags` (array of tag strings to remove). Optional query param `new_api: true` (Frontage sends it).,/business/clients/v1/tags,DELETE,,Y,Y,
clients,Gets a list of tags of a Matter,Gets a list of tags of a Matter.,/business/clients/v1/matters/{matter_uid}/tags,GET,,,,
clients,[Deprecated] Adds a tag to a Matter,"**Deprecated.** Use **PUT /v1/tags** instead (bulk add with body `new_api`, `matters.uids`, `tags`). This endpoint adds a single tag to one matter.",/business/clients/v1/matters/{matter_uid}/tags,POST,,Y,Y,
clients,Remove a tag from a Matter,"Remove a tag from a single Matter (one matter_uid in path, one tag in body). For bulk remove use DELETE /v1/tags.",/business/clients/v1/matters/{matter_uid}/tags,DELETE,,Y,Y,
clients,Gets a Matter,Gets a Matter.,/business/clients/v1/matters/{uid},GET,,,,
clients,Updates a Matter,Updates a Matter.,/business/clients/v1/matters/{uid},PUT,,,,
clients,Show business client settings,Get settings.,/business/clients/v1/settings,GET,,,,
clients,Update business client settings,Update settings,/business/clients/v1/settings,PUT,,Y,Y,
clients,Get all views,Retrieve all views for the authenticated business.,/business/search/v1/views,GET,,,,
clients,Create a new view,Create a new custom view - Create a new custom view -,/business/search/v1/views,POST,,Y,Y,
clients,Get a specific view,Retrieve a specific view by UID.,/business/search/v1/views/{uid},GET,,,,
clients,Update a view,Update an existing view -,/business/search/v1/views/{uid},PUT,,Y,Y,
clients,Delete a view,Delete a custom view - Delete a custom view -,/business/search/v1/views/{uid},DELETE,,Y,Y,
clients,Bulk update views,Update multiple views in bulk - Update multiple views in bulk -,/business/search/v1/views/bulk,POST,,Y,Y,
clients,Get available columns,Retrieve all available columns for creating views.,/business/search/v1/views_columns,GET,,,,
clients,Get available filters,Retrieve all available filters for creating views.,/business/search/v1/view_filters,GET,,,,
clients,Retrieve Client Settings,Get the client settings for a specific client.,/v3/clients/client_settings/{client_uid},GET,,,,
clients,Update Client Settings,Update the client settings for a specific client - Update the client settings for a specific client -,/v3/clients/client_settings/{client_uid},PUT,Y,Y,,
communication,Get Conversations,Gets a list of conversations.,/platform/v1/conversations,GET,,Y,Y,
communication,Get Conversations For A Client,Gets a list of conversations for a client.,/platform/v1/clients/{client_id}/conversations,GET,,,,
communication,Create a Message,Creates a Message.,/platform/v1/messages,POST,,Y,Y,
communication,Assign Dedicated Number,"Assign Dedicated Number For Account, This API requires the 'enable_dedicated_nexmo_number' feature flag to be enabled on your account/directory. For additional information please reach out to our support.",/platform/v1/numbers/dedicated_numbers/assign,POST,Y,Y,Y,
communication,Set Two Way Texting Status,Set Two Way Texting Status.,/platform/v1/numbers/dedicated_numbers/set_two_way_texting_status,PUT,,Y,Y,
communication,translation missing: en.messaging-api.twilio.index.post.titlee,translation missing: en.messaging-api.twilio.index.post.descriptionn,/platform/v1/numbers/twilio,POST,,Y,Y,
communication,Remove Twilio Number,Remove Twilio Number,/platform/v1/numbers/twilio/{sub_account_id},DELETE,,Y,Y,
communication,Get all VoiceCallSettings,Get all VoiceCallSettings.,/v3/communication/voice_call_settings,GET,,Y,,
communication,Create a VoiceCallSetting,Create a VoiceCallSetting,/v3/communication/voice_call_settings,POST,,Y,Y,
communication,Update VoiceCallSetting,Update VoiceCallSetting,/v3/communication/voice_call_settings/{uid},PUT,,Y,Y,
communication,Get all VoiceCalls,Get all VoiceCalls.,/v3/communication/voice_calls,GET,Y,Y,Y,
communication,Create a VoiceCall,Create a VoiceCall,/v3/communication/voice_calls,POST,,Y,Y,
communication,Retrieve a VoiceCall,Retrieve a VoiceCall.,/v3/communication/voice_calls/{uid},GET,Y,Y,Y,
communication,Update a VoiceCall,Update a VoiceCall,/v3/communication/voice_calls/{uid},PUT,,Y,Y,
communication,Update a VoiceCallRecording,Update a VoiceCallRecording,/v3/communication/voice_call_recordings/{uid},PUT,,Y,Y,
communication,Delete a VoiceCallRecording,Deletes a voice call recording and returns a voiceCall entity,/v3/communication/voice_call_recordings/{uid},DELETE,,Y,Y,
communication,Retrieve a VoiceCallQuota,Retrieve a VoiceCallQuota.,/v3/communication/voice_call_quotas,GET,,,,Y
communication,Get voice call stats,Returns aggregated voice call status counts for the requested period and status filter.,/v3/communication/voice_calls/reports/voice_call_stats,GET,Y,Y,Y,
communication,Get all NotificationTemplates,Get a list of NotificationTemplates.,/v3/communication/notification_templates,GET,,Y,,
communication,Create a NotificationTemplate,Create a new notification template. .**.,/v3/communication/notification_templates,POST,,,,
communication,Retrieve a NotificationTemplate,Retrieve a specific NotificationTemplate based on its unique identifier (UID).,/v3/communication/notification_templates/{uid},GET,,Y,Y,Y
communication,Update a NotificationTemplate,Update an existing notification template. .**.,/v3/communication/notification_templates/{uid},PUT,,,,
communication,Delete a NotificationTemplate,Delete a specific NotificationTemplate based on its unique identifier (UID). .**.,/v3/communication/notification_templates/{uid},DELETE,,,,
communication,Retrieve All AvailablePhoneNumbers,Retrieves a list of phone numbers.,/v3/communication/available_phone_numbers,GET,Y,Y,Y,
communication,Retrieve all BusinessPhoneNumbers,Retrieves a list of all business phone numbers associated with a business account.,/v3/communication/business_phone_numbers,GET,Y,Y,Y,
communication,Create a BusinessPhoneNumber,"Purchase a phone number from a telecom provider and assign it to a business account. For US and Canadian phone numbers with text messaging, verification_request_data is required to register your business with mobile carriers and ensure reliable message delivery.",/v3/communication/business_phone_numbers,POST,,Y,Y,
communication,Retrieve a BusinessPhoneNumber,Fetches detailed information about a single business phone number using its unique identifier.,/v3/communication/business_phone_numbers/{uid},GET,,Y,Y,
communication,Update a BusinessPhoneNumber,Update the verification request data for a business phone number.,/v3/communication/business_phone_numbers/{uid},PUT,,Y,,
communication,Get Conversation Messages,"Retrieves a paginated list of messages within a specific conversation. Messages are returned in chronological order and include staff details, document attachments, and delivery status.",/v2/conversations/{conversation_id}/messages,GET,,Y,Y,
communication,Create a Business Communication Channel,Create a new business' communication channel.,/business/communication/channels,POST,,Y,Y,
communication,Update a Business Communication Channel,Update an existing communication channel.,/business/communication/channels/{uid},PUT,,Y,Y,
communication,Delete a Business Communication Channel,Deletes an existing channel.,/business/communication/channels/{uid},DELETE,,Y,Y,
communication,Create a Business Communication Message,Send a message to a business.,/business/communication/messages,POST,,Y,Y,
communication,Update Business Communication Message,Update message status.,/business/communication/messages/{messageUid},PUT,,Y,Y,
communication,Retrieve a Business Communication Session,Retrieve sessions. Deep object style. Example: filter[channel_uid]=channeluuid.,/business/communication/sessions,GET,,Y,Y,
communication,Create a Business Communication Session,Create a new inactive session over a channel between the app's contact and vCita's contact.,/business/communication/sessions,POST,,Y,Y,
communication,Create a Business Communication Session Typing indicator,Populate typing indicator status.,/business/communication/sessions/typing,POST,,Y,Y,
communication,Update a Business Communication Session,Activating/deactivating an existing session.,/business/communication/sessions/{uid},PUT,,Y,Y,
communication,Delete a Business Communication Session,Deletes an existing session.,/business/communication/sessions/{uid},DELETE,,Y,Y,
communication,Create a StaffNotification,Create a new StaffNotification for a staff member. .**.,/v3/communication/staff_notifications,POST,,,,
communication,Retrieve a StaffNotification,Retrieve a StaffNotification by its unique identifier.,/v3/communication/staff_notifications/{uid},GET,,,Y,
communication,Create a mesaging channel,Connecting a business to a primitive messaging channel through known providers.,/business/messaging/v1/channels,POST,,Y,Y,
communication,Notify Typing Indicator,"Notify contacts about account typing indicator. The `source` field determines the processing flow - when set to `business`, it uses the external typing status flow.",/business/messaging/v1/channels/typing,POST,,Y,Y,
communication,Create an ActivityMessage,Create an ActivityMessage,/v3/communication/activity_messages,POST,,Y,Y,
integrations,Create a new ImportJob,Import products into a business account,/v3/integrations/import_jobs,POST,,Y,,
integrations,Retrieve an ImportJob,Retrieve an import job by its UID.,/v3/integrations/import_jobs/{uid},GET,Y,Y,Y,
integrations,Get all ImportJobItems,Get all import job items for a specific import job.,/v3/integrations/import_job_items,GET,Y,Y,Y,
integrations,Retrieve an ImportJobItem,Retrieve an import job item by its UID.,/v3/integrations/import_job_items/{uid},GET,Y,Y,Y,
integrations,List all IDP Actor Mappings,List all IDP Actor Mappings in the directory scope.,/v3/integrations/idp_actor_mappings,GET,,,,
integrations,Create an IDP Actor Mapping,Create a new IDP Actor Mapping for SSO integration,/v3/integrations/idp_actor_mappings,POST,,,Y,
integrations,Delete an IDP Actor Mapping,Delete an IDP Actor Mapping by UID.,/v3/integrations/idp_actor_mappings/{uid},DELETE,,,Y,
integrations,List all Directory IDP configurations,List all Directory IDP configurations with optional filtering.,/v3/integrations/directory_idps,GET,,,,
integrations,Create a Directory IDP configuration,Create a new Directory IDP configuration,/v3/integrations/directory_idps,POST,,,Y,
integrations,Update a Directory IDP configuration,Update an existing Directory IDP configuration by UID,/v3/integrations/directory_idps/{uid},PUT,,,Y,
platform_administration,Get a list of Directories,"Returns a filtered, paginated list of directories.",/v3/business_administration/directories,GET,,,,Y
platform_administration,Create a Directory,Creates a new directory with the provided configuration.,/v3/business_administration/directories,POST,,,,Y
platform_administration,Retrieve a Directory,Returns a specific directory based on its unique identifier.,/v3/business_administration/directories/{uid},GET,,,,Y
platform_administration,Update a Directory,Updates an existing directory. Only provided fields will be modified; omitted fields remain unchanged.,/v3/business_administration/directories/{uid},PUT,,,,Y
platform_administration,Search Businesses,Search for a business by external_reference_id or email.,/platform/v1/businesses,GET,,,Y,
platform_administration,Create a Business,"Creates a Business. By default, business creation is synchronous. To create a business asynchronously, set the 'synchronized' parameter to false in the 'meta' object. When set to false, the request returns immediately after input parameters validation and an async job is created to handle the bus...",/platform/v1/businesses,POST,,,Y,Y
platform_administration,Validate Login,Validates username/password credentials for login. The API will be blocked for the username after 5 failed attempts.,/platform/v1/businesses/validate_login,GET,,,Y,
platform_administration,Verify Audience Claim,This API performs entitlement verification for businesses seeking to register with a specific partner. It checks if a business exists in the partner's pre-loaded audience list and is eligible to be claimed.,/platform/v1/businesses/verify_audience_claim,POST,,,Y,
platform_administration,Get Business,"Retrieves detailed information about a specific business by its ID, including admin account details and business information.",/platform/v1/businesses/{business_uid},GET,,Y,Y,
platform_administration,Update Business,"Updates an existing business. This endpoint allows updating business information, admin account details, integrations, and subscription plan. Only provided fields will be updated.",/platform/v1/businesses/{business_uid},POST,,,Y,Y
platform_administration,Gets Directory's branding,"Get Directory's branding including logo url and colors, available for **Staff & Directory Tokens**.",/platform/v1/directory/branding,GET,,Y,Y,
platform_administration,Get Tokens List,"Get tokens list. Tokens can be filtered by app_id, user_id, or directory_id.",/platform/v1/tokens,GET,,Y,Y,
platform_administration,Creates a token,"Creates a token for authentication. Tokens can be created for applications (app_id), businesses (business_id), or directories (directory_id). At least one identifier must be provided.",/platform/v1/tokens,POST,,Y,Y,
platform_administration,Revoke Token,"Revoke a specific access token by providing the token value. The token must be accessible by the authenticated caller (e.g., a Directory token can only revoke tokens it issued).",/platform/v1/tokens/revoke,POST,,Y,Y,
platform_administration,Subscribe to Webhook,Subscribe to webhook notifications. Webhooks allow you to receive real-time notifications when specific events occur in the system. You must specify the event (a combined string of entity and event_type in the format 'entity/event_type') and the target_url where notifications will be sent.,/platform/v1/webhook/subscribe,POST,,Y,Y,
platform_administration,Unsubscribe from Webhook,Unsubscribe from webhook. Note: This endpoint uses legacy parameter names ('event' and 'target_url'). The 'target_url' must match exactly the URL used when subscribing. The 'event' parameter is optional and can be used to unsubscribe from a specific event type.,/platform/v1/webhook/unsubscribe,POST,,Y,Y,
platform_administration,Get Webhooks List,Get webhooks list.,/platform/v1/webhooks,GET,,Y,Y,
platform_administration,Get Business Features,Retrieves a list of features enabled for a specific business. Features represent capabilities and modules available to the business.,/platform/v1/businesses/{business_uid}/features,GET,,Y,Y,
platform_administration,Update Purchased Items,Updates purchased items for a business.,/platform/v1/businesses/{business_uid}/purchased_items,PUT,,Y,Y,
platform_administration,Get Recurly parameters,"Retrieves Recurly subscription data for a business, including account codes and subscription parameters used for billing integration.",/platform/v1/businesses/{business_uid}/recurly_data,GET,Y,Y,Y,
platform_administration,Get Staff Members,Get Staff List and Details (ordered by position field).,/platform/v1/businesses/{business_uid}/staffs,GET,,Y,Y,
platform_administration,Create Staff Member,Creates a Staff Member.,/platform/v1/businesses/{business_uid}/staffs,POST,,Y,Y,
platform_administration,Get Staff Member Details,Get Staff Details.,/platform/v1/businesses/{business_uid}/staffs/{staff_uid},GET,,Y,Y,
platform_administration,Delete Staff Member,Delete Staff Member,/platform/v1/businesses/{business_uid}/staffs/{staff_uid},DELETE,,Y,Y,
platform_administration,End Staff Member active sessions,End Staff Member active sessions and log out from browser,/platform/v1/businesses/{business_uid}/staffs/{staff_uid}/sessions,DELETE,,Y,Y,
platform_administration,Gets a list of wizards,Gets a list of available wizards.,/platform/v1/businesses/{business_uid}/wizards,GET,,Y,Y,
platform_administration,Gets a wizard by name,Gets a wizard by given name.,/platform/v1/businesses/{business_uid}/wizards/{wizard_name},GET,,,Y,
platform_administration,Update a wizard,Update a wizard with given name,/platform/v1/businesses/{business_uid}/wizards/{wizard_name},PUT,,Y,Y,
platform_administration,Get Staff List [Alpha],Get Staff List [Alpha].,/platform/v1/scheduling/staff,GET,,Y,,
platform_administration,Get Staff By ID [Alpha],Get Staff By ID [Alpha].,/platform/v1/scheduling/staff/{staff_uid},GET,,Y,,
platform_administration,Get Automation Flows,Retrieves automation flows for a business. This endpoint redirects to the correct automation flows API.,/platform/v1/business/jobber/flows,GET,,Y,Y,
platform_administration,Get Next Execution Time,"Retrieves the next scheduled execution time for a specific automation flow rule. This endpoint is useful for displaying when an automation will next run, allowing users to see upcoming execution times.",/platform/v1/business/jobber/executions,GET,,Y,Y,
platform_administration,List all Offerings,List all Offerings in scope.,/v3/license/offerings,GET,,Y,Y,Y
platform_administration,Create an Offering,Create a new Offering.,/v3/license/offerings,POST,,,,Y
platform_administration,Retrieve an Offering,Retrieve an Offering by its unique identifier.,/v3/license/offerings/{uid},GET,,Y,Y,Y
platform_administration,Update an Offering,Update an Offering.,/v3/license/offerings/{uid},PUT,,,,Y
platform_administration,Delete an Offering (Not implemented yet,Delete an Offering,/v3/license/offerings/{uid},DELETE,,,,Y
platform_administration,List all DirectoryOfferings,List all DirectoryOfferings in scope.,/v3/license/directory_offerings,GET,,,,Y
platform_administration,Create a DirectoryOffering,Create a new DirectoryOffering for a specific partner and Offering.,/v3/license/directory_offerings,POST,,,,Y
platform_administration,Retrieve a DirectoryOffering,Retrieve a DirectoryOffering.,/v3/license/directory_offerings/{uid},GET,,,,Y
platform_administration,Delete a DirectoryOffering,Delete a DirectoryOffering.,/v3/license/directory_offerings/{uid},DELETE,,,,Y
platform_administration,List all BundledOfferings,List all BundledOfferings in scope.,/v3/license/bundled_offerings,GET,,Y,Y,Y
platform_administration,Create a BundledOffering,"Create a new BundledOffering that links a parent offering with a child offering. When a customer purchases the parent offering, the bundled (child) offering is automatically included.",/v3/license/bundled_offerings,POST,,,,Y
platform_administration,Bulk create BundledOfferings,Create multiple BundledOfferings for an Offering,/v3/license/bundled_offerings/bulk,POST,,,,Y
platform_administration,Delete a BundledOffering,Delete a BundledOffering,/v3/license/bundled_offerings/{uid},DELETE,Y,Y,,Y
platform_administration,List all Subscriptions,List all Subscriptions in scope.,/v3/license/subscriptions,GET,,Y,Y,
platform_administration,Create a Subscription,Create a new Subscription for a business. Supports discounted and free plans using coupons.,/v3/license/subscriptions,POST,,Y,,
platform_administration,Retrieve a Subscription,Retrieve a Subscription by its unique identifier.,/v3/license/subscriptions/{uid},GET,,Y,Y,
platform_administration,Update a Subscription,Update a Subscription (cancel/expire),/v3/license/subscriptions/{uid},PUT,,Y,Y,Y
platform_administration,Create a BusinessCart,Create a new BusinessCart for the business.,/v3/license/business_carts,POST,,Y,,
platform_administration,Retrieve a BusinessCart,Retrieve a BusinessCart.,/v3/license/business_carts/{uid},GET,,Y,,
platform_administration,List all SKUs,List all SKUs in scope.,/v3/license/skus,GET,,,,Y
platform_administration,Get all Features Packages,Retrieve a list of Features Packages.,/v3/license/features_packages,GET,,,,
platform_administration,Daily Staff Sign-ins,Get daily sign-in records for the business's staff members within a specified date range.,/business/staffs/v1/daily_staff_sign_ins,GET,,Y,Y,
platform_administration,Updates a staff's properties,Updates a staff's properties.,/business/staffs/v1/staffs/{uid},PUT,,,Y,
platform_administration,Retrieve a StaffMember,Retrieve a StaffMember.,/v3/business_administration/staff_members/{uid},GET,Y,Y,Y,
platform_administration,Update a StaffMember,Update a StaffMember.,/v3/business_administration/staff_members/{uid},PUT,,,,
platform_administration,Exchange Authorization Code for Access Token,Exchanges an OAuth Authorization Code for an Access Token. This endpoint is the final step in the OAuth 2.0 Authorization Code flow.,/oauth/token,POST,Y,Y,Y,
platform_administration,Get authenticated user info,Get authenticated user info.,/oauth/userinfo,GET,,Y,,
platform_administration,Get Online Profile,Retrieve the online profile for a specific business. This is a **public endpoint** that does not require authentication. Note: Returns 200 with null data even if business doesn't exist.,/v3/business_administration/online_profiles/{business_uid},GET,,Y,,
platform_administration,Get My Online Profile,Retrieve the online profile for the business associated with the authenticated token.,/v3/business_administration/online_profiles,GET,,Y,,
platform_administration,Create Online Profile,Create a new online profile for the business. Requires `can_access_admin_account?` permission.,/v3/business_administration/online_profiles,POST,,Y,,
platform_administration,Update Online Profile,with `can_access_admin_account?` permission Update an existing online profile.,/v3/business_administration/online_profiles/{uid},PUT,,Y,,
platform_administration,Account Creation,Create a new account under your directory. Most account details are cloned from an existing template to allow quick setup.,/v1/partners/accounts,POST,,,Y,
platform_administration,Account Manipulation,## Deprecated,/v1/partners/accounts/{business_uid}/change_package,GET,,,Y,
platform_administration,Set Setup Completed,"Mark an account's setup/onboarding as completed. This suspends the account's ""to do"" list (onboarding wizard).",/v1/partners/accounts/{business_uid}/set_setup_completed,POST,,,Y,
platform_administration,Add/Remove staff,## Deprecated,/v1/partners/accounts/{business_uid}/change_addons,GET,,,Y,
platform_administration,Close an Account,Close an existing account under your directory.,/v1/partners/accounts/{business_uid}/close,POST,,,Y,
platform_administration,Reopen an Account,Reopen a closed account under your directory.,/v1/partners/accounts/{business_uid}/reopen,POST,,,Y,
platform_administration,Lead Injection,Inject a lead into a business account under your directory.,/v1/partners/leads,POST,,,Y,
platform_administration,Business Info,"Query a business's basic information. If the email address already exists in our server you'll receive ""status:existing"".",/v1/partners/reports/business,GET,,,Y,
platform_administration,Engagements Report,Query for a list of all the conversations (a.k.a engagements) for a given date range. Conversations will be sorted by date of creation. The GET request will be answered by a JSON containing an array of engagement objects.,/v1/partners/reports/engagements,GET,,,Y,
platform_administration,Widget Impressions Report,Query for the number of impressions per day for a given date range. The GET request will be answered by a JSON of an array of impressions_daily objects. Each impressions_daily object provides information about the number of impressions we had for a specified business account.,/v1/partners/reports/impressions,GET,,,Y,
platform_administration,Create SSO Token,Create a one-time token for Single Sign On (SSO) login.,/v1/partners/sso/token,GET,,,Y,
platform_administration,Get relevant quick action lists per staff,"A quick action entity represents a configurable shortcut displayed in the staff's dashboard, allowing personalized access to key system functions.",/v3/business_administration/staff_quick_action_lists,GET,,Y,,
platform_administration,Update quick action lists for a specific staff member,Update the order and visibility of quick actions for a specific staff member.,/v3/business_administration/staff_quick_action_lists/{staff_uid},PUT,,Y,,
platform_administration,Get all BusinessRoles,Get a list of BusinessRoles,/v3/access_control/business_roles,GET,,Y,,
platform_administration,Create a BusinessRole,Create a new role for a business.,/v3/access_control/business_roles,POST,,Y,,
platform_administration,Retrieve a BusinessRole,Retrieve a specific BusinessRole  based on it’s unique identifier (UID),/v3/access_control/business_roles/{uid},GET,,Y,,
platform_administration,Update a BusinessRole,Create a new role for a business,/v3/access_control/business_roles/{uid},PUT,,Y,,
platform_administration,Delete a BusinessRole,Delete a specific BusinessRole  based on it’s unique identifier (UID),/v3/access_control/business_roles/{uid},DELETE,,Y,,
platform_administration,Get all Permissions,Get a list of Permissions.,/v3/access_control/permissions,GET,,Y,,
platform_administration,Get all StaffBusinessRoles,Get a list of StaffBusinessRoles,/v3/access_control/staff_business_roles,GET,,Y,,
platform_administration,Create a StaffBusinessRole,Create a new StaffBusinessRole for a staff,/v3/access_control/staff_business_roles,POST,,Y,,
platform_administration,Retrieve a StaffBusinessRole,Retrieve a StaffBusinessRole based on the unique identifier of staff_uid (staff_uid),/v3/access_control/staff_business_roles/{staff_uid},GET,,Y,,
platform_administration,Update a StaffBusinessRole,Update the business role for a staff member. **All overrides will be removed** and user will need to reapply them if the old role is reassigned. You can not change the role of the business owner.,/v3/access_control/staff_business_roles/{staff_uid},PUT,,Y,,
platform_administration,Retrieve a Staff Permissions Overrides List,Retrieve a StaffPermissionOverrideList based on a staff member's unique identifier (staff_uid),/v3/access_control/staff_permission_overrides_lists/{staff_uid},GET,,Y,,
platform_administration,Update a Staff Permissions Overrides List,Update a Staff Permission Overrides List based on staff UID and a list of permissions. The list supplied will append new permissions and override exsiting permissions assigned to this staff.,/v3/access_control/staff_permission_overrides_lists/{staff_uid},PUT,,Y,,
platform_administration,Remove all permission overrides,Removes all assigned overrides based on a staff member's unique identifier (staff_uid).,/v3/access_control/staff_permission_overrides_lists/{staff_uid},DELETE,,Y,,
platform_administration,Get all Staff Permission Overrides Lists,Get a list of all StaffPermissionOverrideList in the business (if used by a user that has permissions to view and manage permissions to staff in the business),/v3/access_control/staff_permission_overrides_lists/,GET,,Y,,
platform_administration,Get All StaffPermissions,"Get a list of staff Permissions. You must filter the list using a list of permissions keys
Used to validate if a user can or can not access features",/v3/access_control/staff_permissions/,GET,,Y,,
platform_administration,Gets business attributes,"Retrieve business attributes including business name, locale, time format, directory settings, and feature flags. This endpoint is primarily used by the frontend to configure the business dashboard.",/business/accounts/v1/attributes,GET,,Y,,
platform_administration,Gets the branding of the business,"Retrieve business branding, or directory branding when business branding is unavailable. Returns colors (primary, secondary, text), logo URL, and powered_by logos for whitelabel/co-branded configurations.",/business/accounts/v1/branding,GET,,Y,,
platform_administration,Get business identities,Retrieve business identities.,/business/accounts/v1/identities,GET,,,Y,
platform_administration,Update business identities,"Add business identities to optimize the business terminology, settings, and content.",/business/accounts/v1/identities,PUT,,,Y,
platform_administration,Remove business identities,Remove business identities to modify the business's occupational verticals.,/business/accounts/v1/identities,DELETE,,,Y,
platform_administration,Business account usage in the last 3 months,"Get an account's activity report for the <b>last 3 months</b>, including the following information: <ol> <li>Number of payments received</li> <li>Number of conversations started</li> <li>Number of bookings, including appointments booked and event attendance</li> <li>Number of campaigns created</l...",/business/accounts/v1/usage/last_3_months_activity,GET,,,,
reviews,Retrieve Business Reviews Settings,Get the reviews settings for a specific business.,/v3/reviews/business_reviews_settings/{business_uid},GET,,,,
reviews,Update Business Reviews Settings,Update the reviews settings for a specific business - Update the reviews settings for a specific business -,/v3/reviews/business_reviews_settings/{business_uid},PUT,,Y,,
reviews,Create Business Reviews Settings,Create new business reviews settings.,/v3/reviews/business_reviews_settings,POST,,,,
sales,Create Service,Creates a new service for the business. This is the write endpoint for services — the read-only list is at `GET /platform/v1/services`.,/v2/settings/services,POST,,Y,,
sales,Create Card Request,Creates a Card Request,/business/payments/v1/card_requests,POST,,Y,Y,
sales,Get Card Request,Gets a Card Request.,/business/payments/v1/card_requests/{client_uid},GET,,Y,,
sales,Update Card,Updates a Card,/business/payments/v1/cards/{uid},PUT,,Y,Y,
sales,Create Sale,Creates a Sale,/business/payments/v1/carts,POST,,Y,Y,
sales,Get Sale,Show specific sale data.,/business/payments/v1/carts/{uid},GET,Y,Y,Y,
sales,Cancel an open sale,Cancel a sale,/business/payments/v1/carts/{uid}/cancel,PUT,,Y,Y,
sales,Complete an open sale,Completes and finalizes the sale,/business/payments/v1/carts/{uid}/cart_completed,PUT,,Y,Y,
sales,Show Client Package [Alpha],"Retrieve detailed information for a specific client package (a package subscription assigned to a client). Returns the package's validity dates, pricing, active status, and booking credit balances showing how many credits have been used vs. remaining.",/business/payments/v1/client_packages/{uid},GET,,Y,Y,
sales,Update Client Package [Alpha],Update an existing client package subscription. Allows extending the validity period and adjusting credit allocations for the package's booking credits.,/business/payments/v1/client_packages/{uid},PUT,,Y,Y,
sales,Show Deposits List,Show list of deposits.,/business/payments/v1/deposits,GET,,Y,Y,
sales,Create Deposit,Creates a Deposit,/business/payments/v1/deposits,POST,,Y,Y,
sales,Show Deposit,Show specific deposit data.,/business/payments/v1/deposits/{uid},GET,,Y,,
sales,Update Deposit,Update specific deposit,/business/payments/v1/deposits/{uid},PUT,,Y,Y,
sales,Delete Deposit,Delete a specific deposit,/business/payments/v1/deposits/{uid},DELETE,,Y,Y,
sales,Create Estimate,Creates an Estimate,/business/payments/v1/estimates,POST,,Y,Y,
sales,Get Estimate,Fetch a specific estimate.,/business/payments/v1/estimates/{estimate_uid},GET,,Y,,
sales,update,update an existing estimate,/business/payments/v1/estimates/{estimate_uid},PUT,,Y,Y,
sales,Create Invoice,Creates an Invoice,/business/payments/v1/invoices,POST,,Y,Y,
sales,Get Invoice,Fetch a specific invoice.,/business/payments/v1/invoices/{invoice_uid},GET,,Y,,
sales,update,Update an existing invoice.,/business/payments/v1/invoices/{invoice_uid},PUT,,Y,Y,
sales,Cancel Invoice,Cancels an Invoice,/business/payments/v1/invoices/{invoice_uid}/cancel,PUT,,Y,Y,
sales,Reorder Catalog Packages [Alpha],Set the display order of package catalog templates. Controls the sequence in which packages appear in the business's package catalog and client-facing portal.,/business/payments/v1/packages/reorder,PUT,,Y,Y,
sales,GET Payment Requests List,GET Payment Requests List.,/business/payments/v1/payment_requests,GET,,Y,Y,
sales,Send payment request link,Send payment request link,/business/payments/v1/payment_requests/{payment_request_uid}/send_link,POST,,Y,,
sales,GET Payment Request,GET Payment Request.,/business/payments/v1/payment_requests/{payment_request_uid},GET,,Y,,
sales,update,update an existing payment request,/business/payments/v1/payment_requests/{payment_request_uid},PUT,,Y,Y,
sales,List Payments,List Payments.,/business/payments/v1/payments,GET,,Y,,
sales,Get Payment,Get Payment.,/business/payments/v1/payments/{payment_uid},GET,,Y,,
sales,Update Payment,Update Payment,/business/payments/v1/payments/{payment_uid},PUT,,Y,Y,
sales,Create Payout,Creates a Payout,/business/payments/v1/payouts,POST,,Y,Y,
sales,Get Payout,Gets a Payout.,/business/payments/v1/payouts/{provider_payout_id},GET,Y,Y,Y,
sales,Update Payout,Updates a Payout,/business/payments/v1/payouts/{provider_payout_id},PUT,,Y,Y,
sales,Create Product Order,Creates a Product Order.,/business/payments/v1/product_orders,POST,,Y,,Y
sales,Get Product Order,Gets a Product Order.,/business/payments/v1/product_orders/{product_order_uid},GET,,Y,,
sales,Update Product Order,Updates a Product Order.,/business/payments/v1/product_orders/{product_order_uid},PUT,,Y,,Y
sales,Get Products List,Get Products List.,/business/payments/v1/products,GET,,Y,,
sales,Create Product,"Each business has a limit of 8,500 products.",/business/payments/v1/products,POST,,Y,,Y
sales,Get Product [Alpha],Get Product [Alpha].,/business/payments/v1/products/{product_uid},GET,,Y,,
sales,Update Product,Update Product.,/business/payments/v1/products/{product_uid},PUT,,Y,,Y
sales,Remove Product [Alpha],Remove Product [Alpha].,/business/payments/v1/products/{product_uid},DELETE,,Y,,Y
sales,Create Refund,Creates a Refund,/business/payments/v1/refunds,POST,,Y,Y,
sales,Get list of Scheduled Payment Rules,Get a list of Scheduled Payment Rules.,/business/payments/v1/scheduled_payments_rules,GET,,Y,,
sales,Create Scheduled Payment Rule,Creates a Scheduled Payment Rule,/business/payments/v1/scheduled_payments_rules,POST,,Y,Y,
sales,Cancel Recurring Payments Rule,Cancels a Recurring Payments Rule,/business/payments/v1/scheduled_payments_rules/{uid}/cancel,PUT,,Y,Y,
sales,Get Scheduled Payment Rule,Gets a Scheduled Payment Rule.,/business/payments/v1/scheduled_payments_rules/{uid},GET,,Y,,
sales,Update Scheduled Payment Rule,Updates a Scheduled Payment Rule,/business/payments/v1/scheduled_payments_rules/{uid},PUT,,Y,Y,
sales,Create Multiple Taxes,Creates some taxes.,/business/payments/v1/tax_bulk,POST,,Y,,Y
sales,Update Multiple Taxes,Updates some taxes.,/business/payments/v1/tax_bulk,PUT,,Y,,Y
sales,Delete Multiple Taxes,Deletes some taxes.,/business/payments/v1/tax_bulk,DELETE,,Y,,Y
sales,Apply Default Taxes,Apply default taxes on items (Services/Products/Booking Packages) that don't have any taxes configured.,/business/payments/v1/tax_bulk/apply_defaults,PUT,,Y,,Y
sales,Get Taxes List [Alpha],Get Taxes List [Alpha].,/business/payments/v1/taxes,GET,,Y,,
sales,Create Tax [Alpha],Create Tax [Alpha].,/business/payments/v1/taxes,POST,,Y,,Y
sales,Get Tax [Alpha],Get Tax [Alpha].,/business/payments/v1/taxes/{tax_uid},GET,,Y,,
sales,Update Tax [Alpha],Update Tax [Alpha].,/business/payments/v1/taxes/{tax_uid},PUT,,Y,,Y
sales,Remove Tax [Alpha],Remove Tax [Alpha].,/business/payments/v1/taxes/{tax_uid},DELETE,,Y,,Y
sales,Create Transaction,Creates a Transaction,/business/payments/v1/transactions,POST,,Y,Y,
sales,Get Transaction,Gets a Transaction.,/business/payments/v1/transactions/{provider_transaction_id},GET,Y,Y,Y,
sales,Update Transaction,Updates a Transaction,/business/payments/v1/transactions/{provider_transaction_id},PUT,,Y,Y,
sales,Creates a lead,Creates a lead,/platform/v1/leadgen,POST,,Y,Y,
sales,Get Payments List,Get Payments List.,/platform/v1/payments,GET,,Y,,
sales,Create New Payment,Create New Payment.,/platform/v1/payments,POST,,Y,Y,
sales,Get Payment by ID,Get Payment by ID.,/platform/v1/payments/{payment_uid},GET,,Y,,
sales,Match Payment,Match Payment,/platform/v1/payments/{payment_uid}/match,POST,,Y,Y,
sales,Get Invoices List,Get Invoices List.,/platform/v1/invoices,GET,,,Y,
sales,Create New Invoice,Create New Invoice.,/platform/v1/invoices,POST,,,Y,
sales,Get Invoice By ID,Get Invoice By ID.,/platform/v1/invoices/{invoice_id},GET,Y,Y,Y,
sales,Create sync card,Create sync card,/platform/v1/payment/cards/sync_card,POST,,Y,Y,
sales,Delete saved card,Delete saved card,/platform/v1/payment/cards/{card_id},DELETE,,Y,Y,
sales,Update Payment Checkout (Webhook),This webhook endpoint is called by payment gateways to notify about completed checkout sessions. Requires app token authentication and valid checkout data.,/platform/v1/payment/checkout/,PUT,,,,
sales,Get Open Checkout For Specific url_key,Get Open Checkout For Specific url_key.,/platform/v1/payment/checkout/{url_key},GET,Y,Y,Y,
sales,Create Client Package,"Create a Client Package — assigns a payment package to a specific client, creating a subscription-like record with optional validity dates and custom pricing.",/platform/v1/payment/client_packages,POST,,,,
sales,Cancel Credit Redemption [Alpha],"Reverse a previous package credit redemption, restoring the consumed credit back to the client's package. This is the undo operation for `POST /platform/v1/payment/client_packages/update_usage`.",/platform/v1/payment/client_packages/cancel_redemption,PUT,,Y,,
sales,Use Client Package Credit [Alpha],Redeem a credit from a client's active package to pay for an appointment or service session. This marks the associated payment status as paid (price set to $0) and decrements one credit from the client's package.,/platform/v1/payment/client_packages/update_usage,POST,,Y,,
sales,List Catalog Packages,"Retrieve a list of package catalog templates for the business. A package is a reusable template that defines a bundle of services and/or products a client can purchase, including pricing, included credits, and a default validity period.",/platform/v1/payment/packages,GET,,Y,,
sales,Create Catalog Package,"Create a new package catalog template for the business. A package defines a bundle of services and/or products that can be sold to clients, including pricing, credit allocations per service group, and a default validity period that determines how long client subscriptions last.",/platform/v1/payment/packages,POST,,Y,,
sales,Show Catalog Package Details,"Retrieve detailed information for a single package catalog template, including its items (service/product groups), pricing, expiration settings, and active status.",/platform/v1/payment/packages/{package_id},GET,,Y,,
sales,Update Catalog Package [Alpha],"Update an existing package catalog template. You can modify pricing, name, description, expiration settings, items, and active status. Changes to the catalog template do NOT retroactively affect already-created client packages — those retain the values they were assigned at creation.",/platform/v1/payment/packages/{package_id},PUT,,Y,,
sales,Get Current Payment Settings,Get Current Payment Settings.,/platform/v1/payment/settings,GET,,Y,,
sales,Update Payment Settings,Update Payment Settings,/platform/v1/payment/settings,POST,,Y,Y,
sales,Update Default Currency,Update Default Currency,/platform/v1/payment/settings/update_default_currency,PUT,,Y,Y,
sales,Apply Coupon,"Applies a coupon code to a payment status, reducing the amount due. The payment status must reference a coupon-eligible entity type: `Meeting`, `EventAttendance`, `PendingBooking`, or `Cart`. Payment statuses for other entity types (e.g., `Invoice`, `ClientBookingPackage`, `ProductOrder`) will re...",/platform/v1/payment_statuses/{id}/apply_coupon,PUT,,Y,Y,
sales,Validate Coupon,Validates whether a coupon code can be applied to a payment status without actually applying it.,/platform/v1/payment_statuses/{id}/validate_coupon,GET,,Y,Y,
sales,Get Services List,Get services list.,/platform/v1/services,GET,,Y,,
sales,Get Services Availability,Get services availability.,/platform/v1/services/availability,GET,Y,Y,Y,
sales,Get Service Details,Get specific service details.,/platform/v1/services/{service_uid},GET,Y,Y,Y,
sales,Get Service Specific Availability,Get specific service availability.,/platform/v1/services/{service_uid}/availability,GET,Y,Y,Y,
sales,Get Client Payment Cards,Retrieve all payment cards for a client.,/platform/v1/clients/payment/cards,GET,Y,,,
sales,Get Client Payment Cards (Staff Access),Retrieve all payment cards for a specific client.,/platform/v1/clients/{client_id}/payment/cards,GET,,Y,,
sales,List stored Payment Cards,Returns stored payment cards for a client.,/v3/payments/client_payment_cards,GET,Y,Y,,
sales,Retrieve Payments Widget Data,"Fetch summarized data for the Payments widget, including total payments, overdue payments, and pending estimates. This endpoint is accessible with **Staff Tokens** only.",/v3/sales/reports/payments_widget,GET,Y,Y,Y,
sales,Retrieve Payments Forecast Data,"Fetch detailed data for the Payments forecast widget, providing predictions of future payments on a month-by-month basis. This endpoint is accessible with **Staff Tokens** only.",/v3/sales/reports/forecast_payments,GET,Y,Y,Y,
sales,Get all Credit Notes,Get a list of credit notes with pagination.,/v3/payments/credit_notes,GET,,,,
sales,Create a Credit Note,"Creates and issues a new credit note against an existing invoice. The credit note is immediately issued (no draft status). The service validates that the credit amount doesn't exceed the invoice's remaining creditable balance, generates EN 16931-compliant XML, stores it in S3, and publishes a `bi...",/v3/payments/credit_notes,POST,Y,Y,Y,
sales,Retrieve a Credit Note,Retrieves the details of a specific credit note by its UID.,/v3/payments/credit_notes/{uid},GET,Y,Y,Y,
sales,Get all PaymentGateways,Retrieve all available payment gateways -,/v3/payment_processing/payment_gateways,GET,Y,Y,Y,
sales,Create a PaymentGateway,Create a new payment gateway -,/v3/payment_processing/payment_gateways,POST,,,Y,
sales,Retrieve a PaymentGateway,Get details of a specific payment gateway -,/v3/payment_processing/payment_gateways/{uid},GET,,Y,Y,
sales,Update a PaymentGateway,Update an existing payment gateway -,/v3/payment_processing/payment_gateways/{uid},PUT,,,Y,
sales,Delete a PaymentGateway,Delete an existing payment gateway -,/v3/payment_processing/payment_gateways/{uid},DELETE,,,Y,
sales,Create a PaymentGatewayAssignment,Assign a payment gateway to a directory -,/v3/payment_processing/payment_gateway_assignments,POST,,,Y,
sales,Get Estimates List,Returns a list of estimates for the business.,/platform/v1/estimates,GET,,Y,,
sales,List Coupons,**DEPRECATED** - Use the v3 alternative `GET /v3/sales/coupons` instead.,/v2/coupons,GET,,Y,,
sales,Create Coupon,Creates a new coupon for the business.,/v2/coupons,POST,,Y,,
sales,Get Valid Coupons for Entity,**DEPRECATED** - Use the v3 alternative `GET /v3/sales/coupons` instead.,/v2/coupons/valid_coupons,GET,,Y,,
sales,Remove Coupon from Entity,"Removes a previously applied coupon from an entity (payment, appointment, or event attendance).",/v2/coupons/remove,POST,,Y,,
sales,Get Coupon,**DEPRECATED** - Use the v3 alternative `GET /v3/sales/coupons` instead.,/v2/coupons/{uid},GET,,Y,,
sales,Update Coupon,Updates an existing coupon.,/v2/coupons/{uid},PUT,,Y,,
sales,Delete Coupon,Deletes a coupon.,/v2/coupons/{uid},DELETE,,Y,,
sales,Expire Coupon,"Manually expires an active coupon, making it no longer redeemable.",/v2/coupons/{uid}/expire,POST,,Y,,
sales,Enable Coupon,"Enables a previously disabled coupon, making it redeemable again.",/v2/coupons/{uid}/enable,POST,,Y,,
sales,Disable Coupon,"Disables an active coupon, temporarily preventing it from being redeemed.",/v2/coupons/{uid}/disable,POST,,Y,,
sales,Apply Coupon to Entity,"Applies a coupon to a specific entity (payment, appointment, or event attendance), granting the associated discount.",/v2/coupons/{uid}/apply,POST,,Y,,
sales,Create an Invoice,Create a new invoice,/v3/payments/invoices,POST,,Y,,
sales,Update an Invoice,Update an existing invoice,/v3/payments/invoices/{uid},PUT,,Y,,
sales,Get all Coupons,Get a list of Coupons.,/v3/sales/coupons,GET,,Y,,
scheduling,Get Appointments List,"Retrieves a paginated list of appointments for the business. Supports filtering by client, appointment state, and sorting.",/platform/v1/scheduling/appointments,GET,,Y,Y,
scheduling,Get Appointment,Get appointment details by ID.,/platform/v1/scheduling/appointments/{appointment_id},GET,,Y,Y,
scheduling,Get Bookings [Alpha] ,Get bookings of the authenticated client. Returns a paginated list of the client's appointments and event registrations.,/platform/v1/scheduling/bookings,GET,Y,,,
scheduling,Create New Booking [Alpha],Creates a booking for either an appointment with a staff member or registration for a group event.,/platform/v1/scheduling/bookings,POST,Y,Y,,
scheduling,Cancel a Booking [Alpha],Cancel booking,/platform/v1/scheduling/bookings/cancel,POST,Y,Y,Y,
scheduling,Update RSVP state,Update RSVP state for a booking.,/platform/v1/scheduling/bookings/{booking_uid}/update_rsvp_state,PUT,Y,,,
scheduling,Get Event Attendance,Get Event attendance details for a specific event attendance record.,/platform/v1/scheduling/event_attendances/{event_attendance_uid},GET,,Y,Y,
scheduling,Get Event Instance,Get Event Instance Details.,/platform/v1/scheduling/event_instance/{event_instance_id},GET,Y,Y,Y,
scheduling,Create event Waitlist,Join an event waitlist.,/platform/v1/scheduling/waitlist,POST,Y,Y,Y,
scheduling,Cancel a Waitlist registration,Cancel a waitlist registration.,/platform/v1/scheduling/waitlist/cancel,PUT,Y,,,
scheduling,Get Staff Availability,"Returns available time slots for one or more staff members. The endpoint considers staff weekly availability schedules, calendar sync conflicts, blocked times, and existing bookings to compute open appointment or event slots.",/platform/v1/staff/availability,GET,Y,Y,Y,
scheduling,Get all AvailabilitySlots,"This endpoint returns available time slots for booking appointments. It considers staff schedules, resource availability, existing bookings, and business hours to compute open slots.",/v3/scheduling/availability_slots,GET,Y,Y,Y,
scheduling,Get all ResourceTypes,"Get a list of resource types for a business, with pagination.",/v3/scheduling/resource_types,GET,Y,Y,Y,
scheduling,Create a ResourceType,Create a new resource type,/v3/scheduling/resource_types,POST,,Y,,
scheduling,Retrieve a ResourceType,Get a specific resource type by UID.,/v3/scheduling/resource_types/{uid},GET,Y,Y,Y,
scheduling,Update a ResourceType,Update a resource type's properties,/v3/scheduling/resource_types/{uid},PUT,,Y,,
scheduling,Delete a ResourceType,Delete a resource type. Deletes all associated resources,/v3/scheduling/resource_types/{uid},DELETE,,Y,,
scheduling,Get all Resources,"Get all resources, with pagination and filtering by resource type or service.",/v3/scheduling/resources,GET,,Y,,
scheduling,Create a Resource,Create a new resource,/v3/scheduling/resources,POST,,Y,,
scheduling,Retrieve a Resource,Get a specific resource by UID.,/v3/scheduling/resources/{uid},GET,Y,Y,Y,
scheduling,Update a Resource,Update a resource's properties,/v3/scheduling/resources/{uid},PUT,,Y,,
scheduling,Delete a Resource,Soft-delete a resource,/v3/scheduling/resources/{uid},DELETE,,Y,,
scheduling,Create New Booking [Business],Create a new booking (appointment or event attendance).,/business/scheduling/v1/bookings,POST,,Y,Y,
scheduling,Accept a Booking [Business],Accept a pending booking.,/business/scheduling/v1/bookings/accept,POST,,Y,Y,
scheduling,Cancel a Booking [Business],Cancel an existing booking.,/business/scheduling/v1/bookings/cancel,PUT,,Y,Y,
scheduling,Mark booking as no show,Mark a booking as completed or no-show.,/business/scheduling/v1/bookings/complete,POST,,Y,Y,
scheduling,Update Booking Details [Business],"Update booking details including start time, staff, and notes.",/business/scheduling/v1/bookings/{booking_id},PUT,,Y,Y,
scheduling,External app bulk create external items,Bulk create or update external calendar items.,/business/scheduling/v1/external_calendar_items/bulk_create,PUT,,Y,Y,
scheduling,External app bulk deactivate external items,Bulk deactivate external calendar items.,/business/scheduling/v1/external_calendar_items/bulk_deactivate,PUT,,Y,Y,
scheduling,External app connect,Connect a staff member's calendar to an external calendar provider.,/business/scheduling/v1/external_calendar_items/connect,PUT,,Y,Y,
scheduling,External app deactivate external calendar,Deactivate a specific external calendar.,/business/scheduling/v1/external_calendar_items/deactivate_external_calendar,PUT,,Y,Y,
scheduling,External app disable,Disable calendar sync for a staff member.,/business/scheduling/v1/external_calendar_items/disable,PUT,,Y,Y,
scheduling,External app disconnect,Disconnect a staff member's calendar from an external calendar provider.,/business/scheduling/v1/external_calendar_items/disconnect,PUT,,Y,Y,
scheduling,External app report_sync_status,Report the sync status after completing a calendar sync operation.,/business/scheduling/v1/external_calendar_items/report_sync_status,PUT,,Y,Y,
scheduling,External app start_export,Start exporting vcita calendar events to an external calendar.,/business/scheduling/v1/external_calendar_items/start_export,PUT,,Y,Y,
scheduling,External app stop import,Stop importing events from an external calendar.,/business/scheduling/v1/external_calendar_items/stop_import,PUT,,Y,Y,
scheduling,General availability - Create new time slot,General availability - Create new time slot.,/business/scheduling/v1/time_slots,POST,,Y,Y,
scheduling,General availability - Update time slot,General availability - Update time slot.,/business/scheduling/v1/time_slots/{time_slot_uid},PUT,,Y,Y,
scheduling,General availability - Remove time slot,General availability - Remove time slot,/business/scheduling/v1/time_slots/{time_slot_uid},DELETE,,Y,Y,
scheduling,Get all BusinessAvailabilities,Returns available booking slots for all businesses in your directory with pagination support. This endpoint is useful for building marketplace-style booking interfaces.,/v3/scheduling/business_availabilities,GET,,,Y,
